excalidraw-app/components/TopErrorBoundary.test.tsx	a5cb6cc56d34420ae4fca2f0cb8c13fd28927598
packages/excalidraw/components/AdaptiveEditorToolbar.scss	e3cb8c904eada65ab05d5c1b9fdcfb68caaa9fce
packages/excalidraw/components/adaptiveToolbar.test.tsx	7af5064dcca4594c48b2af54a02640d12bf21f40
packages/excalidraw/components/App.tsx	320d75089bf881c3380ab18e589ea44827c673f2
packages/excalidraw/components/App.viewport.ts	ee3a84ab5729332bfe453243069559280a70d92e
packages/excalidraw/components/appContent/AppContent.scss	ac40d48c481fc8c78a680c596ae43216b866f36d
packages/excalidraw/components/appContent/AppContent.test.tsx	c97aa84d8a1eab266c88916cbc98af0a01bacc12
packages/excalidraw/components/ContextMenu.tsx	dc5be69fa87477a1d9fc8f9c5ebf5042a02b2911
packages/excalidraw/components/dropdownMenu/DropdownMenuContent.tsx	0ae54de0ead0867e700f44025ea4b1fce6a72cbd
packages/excalidraw/components/dropdownMenu/DropdownMenuSubContent.tsx	49f492a1da9042582f2f7cdb635de5c24d044b8e
packages/excalidraw/components/floatingSurface/FloatingSurface.scss	a675bcbc3f4c2e4635866d6f9d771e8f6d49813c
packages/excalidraw/components/floatingSurface/policy.test.ts	f866a7673bb1d97667889f416f1fde71cfccdf19
packages/excalidraw/components/floatingSurface/policy.ts	7bb447f16fec5cb3e814c0e620ed52ea5bf6b32e
packages/excalidraw/components/IconPicker.tsx	a134e80d6072b794e1b3a2200cf72a913874cc8f
packages/excalidraw/components/largeSurface/LargeSurface.scss	92c41ccd1a322ede59f360b399ee07f54e863866
packages/excalidraw/components/largeSurface/policy.test.ts	490a3254042a9508897e4ca59a713eaea76aa9a5
packages/excalidraw/components/largeSurface/policy.ts	42976367cf913cb800991f50ccd54dd0843049ff
packages/excalidraw/components/LayerUI.tsx	de0a92c7743732216c360284153ed973f4d51c81
packages/excalidraw/components/LibraryMenuItems.test.tsx	b34bc0654022bb0967c0856f218999c7c1820820
packages/excalidraw/components/LibraryMenuItems.tsx	9568e437d40f65e4db1d26c8eda6d984dcc0b14b
packages/excalidraw/components/Modal.tsx	6ba35642b50419b3a6d843d31767091533feeee6
packages/excalidraw/components/PropertiesPopover.tsx	a4b95f90d328150f002a89a91545616444256232
packages/excalidraw/components/responsiveEditorShell/App.lifecycle.test.tsx	69c41940787dfaa641183b84f5ac0b15f6e0d22d
packages/excalidraw/components/responsiveEditorShell/responsiveEditorShell.test.ts	0cca6570f4a94e9563013bea9f79caf297b626b4
packages/excalidraw/components/responsiveEditorShell/responsiveEditorShell.ts	8b46c73867d856137df25dfa785142ac9de369ea
packages/excalidraw/components/Sidebar/Sidebar.scss	bdb42cc2e7facd76b1b10771918a28036428be2a
packages/excalidraw/components/Sidebar/Sidebar.tsx	04070ab055b3f3e3e42db90bfe50382b60818439
packages/excalidraw/components/welcome-screen/WelcomeScreen.scss	4a13d59597b017b1bb6307446baafaacd39e4361
packages/excalidraw/i18n.ts	91dc4618b11ccaa827c5f844b9b8c0a5676e860a
packages/excalidraw/tests/interactivity.test.tsx	975dad7aaf56952c977050e2fd6406cc9721c90a
